{"cameraMode":{"drawMode":0,"name":"Shaded","section":"Shading Mode"},"sceneLighting":false,"audioPlay":false,"sceneViewState":{"m_AlwaysRefresh":false,"showFog":true,"showSkybox":false,"showFlares":true,"showImageEffects":true,"showParticleSystems":true,"showVisualEffectGraphs":true,"m_FxEnabled":true},"in2DMode":false,"pivot":{"x":-6.067821502685547,"y":5.726377964019775,"z":-10.680082321166993},"rotation":{"x":0.04722811281681061,"y":0.8627834320068359,"z":-0.08204590529203415,"w":0.49663621187210085},"size":12.280972480773926,"orthographic":false}