{"cameraMode":{"drawMode":0,"name":"Shaded","section":"Shading Mode"},"sceneLighting":false,"audioPlay":false,"sceneViewState":{"m_AlwaysRefresh":false,"showFog":true,"showSkybox":false,"showFlares":true,"showImageEffects":true,"showParticleSystems":true,"showVisualEffectGraphs":true,"m_FxEnabled":true},"in2DMode":false,"pivot":{"x":-13.899890899658204,"y":1.1401076316833497,"z":-15.270894050598145},"rotation":{"x":0.07734162360429764,"y":0.7043347954750061,"z":-0.07764196395874024,"w":0.7013803124427795},"size":1.6606600284576417,"orthographic":false}