{"cameraMode":{"drawMode":0,"name":"Shaded","section":"Shading Mode"},"sceneLighting":false,"audioPlay":false,"sceneViewState":{"m_AlwaysRefresh":false,"showFog":true,"showSkybox":false,"showFlares":true,"showImageEffects":true,"showParticleSystems":true,"showVisualEffectGraphs":true,"m_FxEnabled":true},"in2DMode":false,"pivot":{"x":-14.434189796447754,"y":-0.46208739280700686,"z":-13.956277847290039},"rotation":{"x":0.30134811997413638,"y":0.44751301407814028,"z":-0.16324801743030549,"w":0.8260219097137451},"size":2.26065993309021,"orthographic":false}