{"cameraMode":{"drawMode":0,"name":"Shaded","section":"Shading Mode"},"sceneLighting":false,"audioPlay":false,"sceneViewState":{"m_AlwaysRefresh":false,"showFog":true,"showSkybox":false,"showFlares":true,"showImageEffects":true,"showParticleSystems":true,"showVisualEffectGraphs":true,"m_FxEnabled":true},"in2DMode":false,"pivot":{"x":-12.229999542236329,"y":0.6282844543457031,"z":-14.499702453613282},"rotation":{"x":0.3226618468761444,"y":-0.13006748259067536,"z":0.04480850324034691,"w":0.9364768266677856},"size":1.5206904411315919,"orthographic":false}